20180201T,30,30,30,30,0
20180202T,15,15,15,15,0
20180203T,40,40,40,40,0
20180204T,24,24,24,24,0
20180205T,11,11,11,11,0
20180206T,8,8,8,8,0
20180207T,36,36,36,36,0
20180208T,30,30,30,30,0
20180209T,44,44,44,44,0
20180210T,54,54,54,54,0
20180211T,31,31,31,31,0
20180212T,42,42,42,42,0
20180213T,35,35,35,35,0
20180214T,55,55,55,55,0
20180215T,71,71,71,71,0
20180216T,67,67,67,67,0
20180217T,74,74,74,74,0
20180218T,63,63,63,63,0
20180219T,67,67,67,67,0
20180220T,74,74,74,74,0
20180221T,54,54,54,54,0
20180222T,44,44,44,44,0
20180223T,39,39,39,39,0
20180224T,31,31,31,31,0
20180225T,33,33,33,33,0
20180226T,37,37,37,37,0
20180227T,44,44,44,44,0
20180228T,41,41,41,41,0
20180301T,38,38,38,38,0
20180302T,47,47,47,47,0
20180303T,56,56,56,56,0
20180304T,44,44,44,44,0
20180305T,55,55,55,55,0
20180306T,59,59,59,59,0
20180307T,37,37,37,37,0
20180308T,39,39,39,39,0
20180309T,37,37,37,37,0
20180310T,39,39,39,39,0
20180311T,40,40,40,40,0
20180312T,41,41,41,41,0
20180313T,41,41,41,41,0
20180314T,40,40,40,40,0
20180315T,32,32,32,32,0
20180316T,33,33,33,33,0
20180317T,31,31,31,31,0
20180318T,29,29,29,29,0
20180319T,29,29,29,29,0
20180320T,37,37,37,37,0
20180321T,36,36,36,36,0
20180322T,36,36,36,36,0
20180323T,28,28,28,28,0
20180324T,32,32,32,32,0
20180325T,30,30,30,30,0
20180326T,31,31,31,31,0
20180327T,24,24,24,24,0
20180328T,24,24,24,24,0
20180329T,18,18,18,18,0
20180330T,12,12,12,12,0
20180331T,16,16,16,16,0
20180401T,16,16,16,16,0
20180402T,11,11,11,11,0
20180403T,22,22,22,22,0
20180404T,22,22,22,22,0
20180405T,17,17,17,17,0
20180406T,19,19,19,19,0
20180407T,20,20,20,20,0
20180408T,17,17,17,17,0
20180409T,21,21,21,21,0
20180410T,18,18,18,18,0
20180411T,20,20,20,20,0
20180412T,18,18,18,18,0
20180413T,23,23,23,23,0
20180417T,26,26,26,26,0
20180418T,24,24,24,24,0
20180419T,25,25,25,25,0
20180420T,26,26,26,26,0
20180421T,32,32,32,32,0
20180422T,31,31,31,31,0
20180423T,28,28,28,28,0
20180424T,29,29,29,29,0
20180425T,64,64,64,64,0
20180426T,47,47,47,47,0
20180427T,55,55,55,55,0
20180428T,54,54,54,54,0
20180429T,61,61,61,61,0
20180430T,59,59,59,59,0
20180501T,56,56,56,56,0
20180502T,52,52,52,52,0
20180503T,55,55,55,55,0
20180504T,56,56,56,56,0
20180505T,63,63,63,63,0
20180506T,67,67,67,67,0
20180507T,56,56,56,56,0
20180508T,62,62,62,62,0
20180509T,53,53,53,53,0
20180510T,63,63,63,63,0
20180511T,41,41,41,41,0
20180512T,44,44,44,44,0
20180513T,40,40,40,40,0
20180514T,40,40,40,40,0
20180515T,40,40,40,40,0
20180516T,32,32,32,32,0
20180517T,31,31,31,31,0
20180518T,37,37,37,37,0
20180519T,31,31,31,31,0
20180520T,32,32,32,32,0
20180521T,41,41,41,41,0
20180522T,30,30,30,30,0
20180523T,26,26,26,26,0
20180524T,27,27,27,27,0
20180525T,25,25,25,25,0
20180526T,23,23,23,23,0
20180527T,19,19,19,19,0
20180528T,22,22,22,22,0
20180529T,16,16,16,16,0
20180530T,38,38,38,38,0
20180531T,25,25,25,25,0
20180601T,24,24,24,24,0
20180602T,27,27,27,27,0
20180603T,40,40,40,40,0
20180604T,41,41,41,41,0
20180605T,26,26,26,26,0
20180606T,42,42,42,42,0
20180607T,38,38,38,38,0
20180608T,40,40,40,40,0
20180609T,39,39,39,39,0
20180610T,24,24,24,24,0
20180611T,15,15,15,15,0
20180612T,19,19,19,19,0
20180613T,19,19,19,19,0
20180614T,17,17,17,17,0
20180615T,26,26,26,26,0
20180616T,22,22,22,22,0
20180617T,23,23,23,23,0
20180618T,27,27,27,27,0
20180619T,32,32,32,32,0
20180620T,34,34,34,34,0
20180621T,37,37,37,37,0
20180622T,28,28,28,28,0
20180623T,17,17,17,17,0
20180624T,15,15,15,15,0
20180625T,16,16,16,16,0
20180626T,21,21,21,21,0
20180627T,18,18,18,18,0
20180628T,20,20,20,20,0
20180629T,16,16,16,16,0
20180630T,22,22,22,22,0
20180701T,27,27,27,27,0
20180702T,27,27,27,27,0
20180703T,31,31,31,31,0
20180704T,33,33,33,33,0
20180705T,37,37,37,37,0
20180706T,34,34,34,34,0
20180707T,34,34,34,34,0
20180708T,38,38,38,38,0
20180709T,39,39,39,39,0
20180710T,37,37,37,37,0
20180711T,29,29,29,29,0
20180712T,33,33,33,33,0
20180713T,29,29,29,29,0
20180714T,29,29,29,29,0
20180715T,32,32,32,32,0
20180716T,36,36,36,36,0
20180717T,39,39,39,39,0
20180718T,42,42,42,42,0
20180719T,44,44,44,44,0
20180720T,47,47,47,47,0
20180721T,43,43,43,43,0
20180722T,46,46,46,46,0
20180723T,44,44,44,44,0
20180724T,49,49,49,49,0
20180725T,54,54,54,54,0
20180726T,53,53,53,53,0
20180727T,47,47,47,47,0
20180728T,54,54,54,54,0
20180729T,54,54,54,54,0
20180730T,53,53,53,53,0
20180731T,48,48,48,48,0
20180801T,39,39,39,39,0
20180802T,39,39,39,39,0
20180803T,36,36,36,36,0
20180804T,31,31,31,31,0
20180805T,23,23,23,23,0
20180806T,25,25,25,25,0
20180807T,25,25,25,25,0
20180808T,23,23,23,23,0
20180809T,19,19,19,19,0
20180810T,21,21,21,21,0
20180811T,18,18,18,18,0
20180812T,18,18,18,18,0
20180813T,21,21,21,21,0
20180814T,16,16,16,16,0
20180815T,18,18,18,18,0
20180816T,21,21,21,21,0
20180817T,19,19,19,19,0
20180818T,24,24,24,24,0
20180819T,27,27,27,27,0
20180820T,26,26,26,26,0
20180821T,19,19,19,19,0
20180822T,21,21,21,21,0
20180823T,18,18,18,18,0
20180824T,19,19,19,19,0
20180825T,22,22,22,22,0
20180826T,19,19,19,19,0
20180827T,18,18,18,18,0
20180828T,19,19,19,19,0
20180829T,19,19,19,19,0
20180830T,22,22,22,22,0
20180831T,17,17,17,17,0
20180901T,21,21,21,21,0
20180902T,18,18,18,18,0
20180903T,19,19,19,19,0
20180904T,26,26,26,26,0
20180905T,17,17,17,17,0
20180906T,14,14,14,14,0
20180907T,17,17,17,17,0
20180908T,18,18,18,18,0
20180909T,13,13,13,13,0
20180910T,15,15,15,15,0
20180911T,18,18,18,18,0
20180912T,14,14,14,14,0
20180913T,20,20,20,20,0
20180914T,23,23,23,23,0
20180915T,24,24,24,24,0
20180916T,28,28,28,28,0
20180917T,25,25,25,25,0
20180918T,21,21,21,21,0
20180919T,24,24,24,24,0
20180920T,24,24,24,24,0
20180921T,31,31,31,31,0
20180922T,35,35,35,35,0
20180923T,38,38,38,38,0
20180924T,43,43,43,43,0
20180925T,37,37,37,37,0
20180926T,37,37,37,37,0
20180927T,42,42,42,42,0
20180928T,42,42,42,42,0
20180929T,37,37,37,37,0
20180930T,34,34,34,34,0
20181001T,35,35,35,35,0
20181002T,33,33,33,33,0
20181003T,36,36,36,36,0
20181004T,29,29,29,29,0
20181005T,37,37,37,37,0
20181006T,34,34,34,34,0
20181007T,29,29,29,29,0
20181008T,26,26,26,26,0
20181009T,31,31,31,31,0
20181010T,28,28,28,28,0
20181011T,19,19,19,19,0
20181012T,13,13,13,13,0
20181013T,15,15,15,15,0
20181014T,18,18,18,18,0
20181015T,20,20,20,20,0
20181016T,24,24,24,24,0
20181017T,23,23,23,23,0
20181018T,26,26,26,26,0
20181019T,24,24,24,24,0
20181020T,21,21,21,21,0
20181021T,21,21,21,21,0
20181022T,27,27,27,27,0
20181023T,24,24,24,24,0
20181024T,23,23,23,23,0
20181025T,25,25,25,25,0
20181026T,29,29,29,29,0
20181027T,33,33,33,33,0
20181028T,35,35,35,35,0
20181029T,34,34,34,34,0
20181030T,31,31,31,31,0
20181031T,32,32,32,32,0
20181101T,29,29,29,29,0
20181102T,36,36,36,36,0
20181103T,36,36,36,36,0
20181104T,41,41,41,41,0
20181105T,42,42,42,42,0
20181106T,42,42,42,42,0
20181107T,48,48,48,48,0
20181108T,51,51,51,51,0
20181109T,47,47,47,47,0
20181110T,52,52,52,52,0
20181111T,54,54,54,54,0
20181112T,52,52,52,52,0
20181113T,56,56,56,56,0
20181114T,49,49,49,49,0
20181115T,28,28,28,28,0
20181116T,23,23,23,23,0
20181117T,24,24,24,24,0
20181118T,26,26,26,26,0
20181119T,28,28,28,28,0
20181120T,21,21,21,21,0
20181121T,15,15,15,15,0
20181122T,14,14,14,14,0
20181123T,12,12,12,12,0
20181124T,15,15,15,15,0
20181125T,9,9,9,9,0
20181126T,17,17,17,17,0
20181127T,11,11,11,11,0
20181128T,14,14,14,14,0
20181129T,18,18,18,18,0
20181130T,19,19,19,19,0
20181201T,13,13,13,13,0
20181202T,15,15,15,15,0
20181203T,17,17,17,17,0
20181204T,12,12,12,12,0
20181205T,19,19,19,19,0
20181206T,13,13,13,13,0
20181207T,11,11,11,11,0
20181208T,11,11,11,11,0
20181209T,14,14,14,14,0
20181210T,19,19,19,19,0
20181211T,15,15,15,15,0
20181212T,14,14,14,14,0
20181213T,14,14,14,14,0
20181214T,10,10,10,10,0
20181215T,11,11,11,11,0
20181216T,13,13,13,13,0
20181217T,17,17,17,17,0
20181218T,23,23,23,23,0
20181219T,21,21,21,21,0
20181220T,27,27,27,27,0
20181221T,35,35,35,35,0
20181222T,28,28,28,28,0
20181223T,31,31,31,31,0
20181224T,25,25,25,25,0
20181225T,33,33,33,33,0
20181226T,26,26,26,26,0
20181227T,29,29,29,29,0
20181228T,21,21,21,21,0
20181229T,24,24,24,24,0
20181230T,23,23,23,23,0
20181231T,26,26,26,26,0
20190101T,24,24,24,24,0
20190102T,30,30,30,30,0
20190103T,33,33,33,33,0
20190104T,48,48,48,48,0
20190105T,36,36,36,36,0
20190106T,31,31,31,31,0
20190107T,39,39,39,39,0
20190108T,39,39,39,39,0
20190109T,42,42,42,42,0
20190110T,37,37,37,37,0
20190111T,19,19,19,19,0
20190112T,22,22,22,22,0
20190113T,21,21,21,21,0
20190114T,16,16,16,16,0
20190115T,27,27,27,27,0
20190116T,24,24,24,24,0
20190117T,28,28,28,28,0
20190118T,29,29,29,29,0
20190119T,31,31,31,31,0
20190120T,35,35,35,35,0
20190121T,30,30,30,30,0
20190122T,27,27,27,27,0
20190123T,33,33,33,33,0
20190124T,37,37,37,37,0
20190125T,35,35,35,35,0
20190126T,41,41,41,41,0
20190127T,39,39,39,39,0
20190128T,35,35,35,35,0
20190129T,21,21,21,21,0
20190130T,22,22,22,22,0
20190131T,17,17,17,17,0
20190201T,23,23,23,23,0
20190202T,22,22,22,22,0
20190203T,19,19,19,19,0
20190204T,27,27,27,27,0
20190205T,21,21,21,21,0
20190206T,14,14,14,14,0
20190207T,18,18,18,18,0
20190208T,37,37,37,37,0
20190209T,42,42,42,42,0
20190210T,40,40,40,40,0
20190211T,46,46,46,46,0
20190212T,38,38,38,38,0
20190213T,48,48,48,48,0
20190214T,48,48,48,48,0
20190215T,43,43,43,43,0
20190216T,43,43,43,43,0
20190217T,38,38,38,38,0
20190218T,63,63,63,63,0
20190219T,65,65,65,65,0
20190220T,59,59,59,59,0
20190221T,59,59,59,59,0
20190222T,61,61,61,61,0
20190223T,63,63,63,63,0
20190224T,69,69,69,69,0
20190225T,47,47,47,47,0
20190226T,40,40,40,40,0
20190227T,39,39,39,39,0
20190228T,39,39,39,39,0
20190301T,42,42,42,42,0
20190302T,41,41,41,41,0
20190303T,44,44,44,44,0
20190304T,36,36,36,36,0
20190305T,35,35,35,35,0
20190306T,42,42,42,42,0
20190307T,56,56,56,56,0
20190308T,54,54,54,54,0
20190309T,55,55,55,55,0
20190310T,55,55,55,55,0
20190311T,56,56,56,56,0
20190312T,56,56,56,56,0
20190313T,54,54,54,54,0
20190314T,55,55,55,55,0
20190315T,55,55,55,55,0
20190316T,54,54,54,54,0
20190317T,58,58,58,58,0
20190318T,56,56,56,56,0
20190319T,56,56,56,56,0
20190320T,55,55,55,55,0
20190321T,62,62,62,62,0
20190322T,56,56,56,56,0
20190323T,50,50,50,50,0
20190324T,44,44,44,44,0
20190325T,46,46,46,46,0
20190326T,43,43,43,43,0
20190327T,44,44,44,44,0
20190328T,49,49,49,49,0
20190329T,50,50,50,50,0
20190330T,57,57,57,57,0
20190331T,56,56,56,56,0
20190401T,62,62,62,62,0
20190402T,60,60,60,60,0
20190403T,71,71,71,71,0
20190404T,61,61,61,61,0
20190405T,59,59,59,59,0
20190406T,65,65,65,65,0
20190407T,69,69,69,69,0
20190408T,65,65,65,65,0
20190409T,64,64,64,64,0
20190410T,62,62,62,62,0
20190411T,65,65,65,65,0
20190412T,42,42,42,42,0
20190413T,62,62,62,62,0
20190414T,51,51,51,51,0
20190415T,60,60,60,60,0
20190416T,50,50,50,50,0
20190417T,61,61,61,61,0
20190418T,64,64,64,64,0
20190419T,61,61,61,61,0
20190420T,62,62,62,62,0
20190421T,62,62,62,62,0
20190422T,61,61,61,61,0
20190423T,68,68,68,68,0
20190424T,65,65,65,65,0
20190425T,58,58,58,58,0
20190426T,41,41,41,41,0
20190427T,42,42,42,42,0
20190428T,40,40,40,40,0
20190429T,42,42,42,42,0
20190430T,42,42,42,42,0
20190501T,51,51,51,51,0
20190502T,50,50,50,50,0
20190503T,63,63,63,63,0
20190504T,66,66,66,66,0
20190505T,67,67,67,67,0
20190506T,57,57,57,57,0
20190507T,69,69,69,69,0
20190508T,63,63,63,63,0
20190509T,69,69,69,69,0
20190510T,71,71,71,71,0
20190511T,76,76,76,76,0
20190512T,75,75,75,75,0
20190513T,78,78,78,78,0
20190514T,78,78,78,78,0
20190515T,77,77,77,77,0
20190516T,75,75,75,75,0
20190517T,65,65,65,65,0
20190518T,67,67,67,67,0
20190519T,70,70,70,70,0
20190520T,73,73,73,73,0
20190521T,68,68,68,68,0
20190522T,69,69,69,69,0
20190523T,65,65,65,65,0
20190524T,64,64,64,64,0
20190525T,69,69,69,69,0
20190526T,67,67,67,67,0
20190527T,70,70,70,70,0
20190528T,71,71,71,71,0
20190529T,71,71,71,71,0
20190530T,73,73,73,73,0
20190531T,61,61,61,61,0
20190601T,62,62,62,62,0
20190602T,63,63,63,63,0
20190603T,66,66,66,66,0
20190604T,42,42,42,42,0
20190605T,27,27,27,27,0
20190606T,34,34,34,34,0
20190607T,27,27,27,27,0
20190608T,62,62,62,62,0
20190609T,62,62,62,62,0
20190610T,46,46,46,46,0
20190611T,61,61,61,61,0
20190612T,60,60,60,60,0
20190613T,63,63,63,63,0
20190614T,67,67,67,67,0
20190615T,75,75,75,75,0
20190616T,80,80,80,80,0
20190617T,84,84,84,84,0
20190618T,83,83,83,83,0
20190619T,82,82,82,82,0
20190620T,81,81,81,81,0
20190621T,84,84,84,84,0
20190622T,83,83,83,83,0
20190623T,84,84,84,84,0
20190624T,80,80,80,80,0
20190625T,87,87,87,87,0
20190626T,95,95,95,95,0
20190627T,92,92,92,92,0
20190628T,62,62,62,62,0
20190629T,74,74,74,74,0
20190630T,78,78,78,78,0
20190701T,65,65,65,65,0
20190702T,63,63,63,63,0
20190703T,79,79,79,79,0
20190704T,76,76,76,76,0
20190705T,67,67,67,67,0
20190706T,72,72,72,72,0
20190707T,67,67,67,67,0
20190708T,74,74,74,74,0
20190709T,84,84,84,84,0
20190710T,83,83,83,83,0
20190711T,62,62,62,62,0
20190712T,33,33,33,33,0
20190713T,65,65,65,65,0
20190714T,61,61,61,61,0
20190715T,16,16,16,16,0
20190716T,34,34,34,34,0
20190717T,19,19,19,19,0
20190718T,40,40,40,40,0
20190719T,42,42,42,42,0
20190720T,34,34,34,34,0
20190721T,42,42,42,42,0
20190722T,42,42,42,42,0
20190723T,40,40,40,40,0
20190724T,20,20,20,20,0
20190725T,42,42,42,42,0
20190726T,24,24,24,24,0
20190727T,47,47,47,47,0
20190728T,16,16,16,16,0
20190729T,19,19,19,19,0
20190730T,22,22,22,22,0
20190731T,31,31,31,31,0
20190801T,57,57,57,57,0
20190802T,61,61,61,61,0
20190803T,61,61,61,61,0
20190804T,62,62,62,62,0
20190805T,64,64,64,64,0
20190806T,66,66,66,66,0
20190807T,45,45,45,45,0
20190808T,61,61,61,61,0
20190809T,60,60,60,60,0
20190810T,59,59,59,59,0
20190811T,45,45,45,45,0
20190812T,48,48,48,48,0
20190813T,45,45,45,45,0
20190814T,11,11,11,11,0
20190815T,13,13,13,13,0
20190816T,31,31,31,31,0
20190817T,20,20,20,20,0
20190818T,14,14,14,14,0
20190819T,30,30,30,30,0
20190820T,39,39,39,39,0
20190821T,11,11,11,11,0
20190822T,5,5,5,5,0
20190823T,33,33,33,33,0
20190824T,39,39,39,39,0
20190825T,33,33,33,33,0
20190826T,41,41,41,41,0
20190827T,30,30,30,30,0
20190828T,32,32,32,32,0
20190829T,20,20,20,20,0
20190830T,24,24,24,24,0
20190831T,20,20,20,20,0
20190901T,24,24,24,24,0
20190902T,28,28,28,28,0
20190903T,41,41,41,41,0
20190904T,43,43,43,43,0
20190905T,41,41,41,41,0
20190906T,43,43,43,43,0
20190907T,39,39,39,39,0
20190908T,43,43,43,43,0
20190909T,41,41,41,41,0
20190910T,41,41,41,41,0
20190911T,38,38,38,38,0
20190912T,39,39,39,39,0
20190913T,38,38,38,38,0
20190914T,39,39,39,39,0
20190915T,38,38,38,38,0
20190916T,38,38,38,38,0
20190917T,41,41,41,41,0
20190918T,38,38,38,38,0
20190919T,31,31,31,31,0
20190920T,41,41,41,41,0
20190921T,37,37,37,37,0
20190922T,37,37,37,37,0
20190923T,41,41,41,41,0
20190924T,39,39,39,39,0
20190925T,15,15,15,15,0
20190926T,12,12,12,12,0
20190927T,24,24,24,24,0
20190928T,32,32,32,32,0
20190929T,33,33,33,33,0
20190930T,27,27,27,27,0
20191001T,38,38,38,38,0
20191002T,39,39,39,39,0
20191003T,37,37,37,37,0
20191004T,30,30,30,30,0
20191005T,31,31,31,31,0
20191006T,32,32,32,32,0
20191007T,27,27,27,27,0
20191008T,39,39,39,39,0
20191009T,37,37,37,37,0
20191010T,41,41,41,41,0
20191011T,39,39,39,39,0
20191012T,38,38,38,38,0
20191013T,38,38,38,38,0
20191014T,37,37,37,37,0
20191015T,39,39,39,39,0
20191016T,40,40,40,40,0
20191017T,40,40,40,40,0
20191018T,40,40,40,40,0
20191019T,41,41,41,41,0
20191020T,37,37,37,37,0
20191021T,37,37,37,37,0
20191022T,39,39,39,39,0
20191023T,33,33,33,33,0
20191024T,20,20,20,20,0
20191025T,24,24,24,24,0
20191026T,53,53,53,53,0
20191027T,50,50,50,50,0
20191028T,52,52,52,52,0
20191029T,54,54,54,54,0
20191030T,53,53,53,53,0
20191031T,50,50,50,50,0
20191101T,49,49,49,49,0
20191102T,51,51,51,51,0
20191103T,56,56,56,56,0
20191104T,49,49,49,49,0
20191105T,54,54,54,54,0
20191106T,53,53,53,53,0
20191107T,54,54,54,54,0
20191108T,42,42,42,42,0
20191109T,38,38,38,38,0
20191110T,39,39,39,39,0
20191111T,40,40,40,40,0
20191112T,39,39,39,39,0
20191113T,38,38,38,38,0
20191114T,41,41,41,41,0
20191115T,38,38,38,38,0
20191116T,41,41,41,41,0
20191117T,38,38,38,38,0
20191118T,38,38,38,38,0
20191119T,32,32,32,32,0
20191120T,32,32,32,32,0
20191121T,30,30,30,30,0
20191122T,20,20,20,20,0
20191123T,23,23,23,23,0
20191124T,21,21,21,21,0
20191125T,17,17,17,17,0
20191126T,21,21,21,21,0
20191127T,20,20,20,20,0
20191128T,32,32,32,32,0
20191129T,31,31,31,31,0
20191130T,38,38,38,38,0
20191201T,25,25,25,25,0
20191202T,28,28,28,28,0
20191203T,28,28,28,28,0
20191204T,24,24,24,24,0
20191205T,21,21,21,21,0
20191206T,29,29,29,29,0
20191207T,32,32,32,32,0
20191208T,28,28,28,28,0
20191209T,32,32,32,32,0
20191210T,26,26,26,26,0
20191211T,20,20,20,20,0
20191212T,23,23,23,23,0
20191213T,22,22,22,22,0
20191214T,27,27,27,27,0
20191215T,21,21,21,21,0
20191216T,24,24,24,24,0
20191217T,23,23,23,23,0
20191218T,15,15,15,15,0
20191219T,21,21,21,21,0
20191220T,23,23,23,23,0
20191221T,23,23,23,23,0
20191222T,20,20,20,20,0
20191223T,33,33,33,33,0
20191224T,25,25,25,25,0
20191225T,22,22,22,22,0
20191226T,39,39,39,39,0
20191227T,38,38,38,38,0
20191228T,37,37,37,37,0
20191229T,37,37,37,37,0
20191230T,40,40,40,40,0
20191231T,38,38,38,38,0
20200101T,37,37,37,37,0
20200102T,39,39,39,39,0
20200103T,38,38,38,38,0
20200104T,38,38,38,38,0
20200105T,39,39,39,39,0
20200106T,41,41,41,41,0
20200107T,40,40,40,40,0
20200108T,51,51,51,51,0
20200109T,44,44,44,44,0
20200110T,41,41,41,41,0
20200111T,50,50,50,50,0
20200112T,45,45,45,45,0
20200113T,49,49,49,49,0
20200114T,56,56,56,56,0
20200115T,54,54,54,54,0
20200116T,55,55,55,55,0
20200117T,54,54,54,54,0
20200118T,51,51,51,51,0
20200119T,53,53,53,53,0
20200120T,48,48,48,48,0
20200121T,49,49,49,49,0
20200122T,52,52,52,52,0
20200123T,49,49,49,49,0
20200124T,40,40,40,40,0
20200125T,41,41,41,41,0
20200126T,42,42,42,42,0
20200127T,50,50,50,50,0
20200128T,54,54,54,54,0
20200129T,57,57,57,57,0
20200130T,57,57,57,57,0
20200131T,55,55,55,55,0
20200201T,57,57,57,57,0
20200202T,57,57,57,57,0
20200203T,59,59,59,59,0
20200204T,56,56,56,56,0
20200205T,53,53,53,53,0
20200206T,61,61,61,61,0
20200207T,56,56,56,56,0
20200208T,56,56,56,56,0
20200209T,56,56,56,56,0
20200210T,57,57,57,57,0
20200211T,52,52,52,52,0
20200212T,61,61,61,61,0
20200213T,65,65,65,65,0
20200214T,63,63,63,63,0
20200215T,64,64,64,64,0
20200216T,59,59,59,59,0
20200217T,49,49,49,49,0
20200218T,53,53,53,53,0
20200219T,50,50,50,50,0
20200220T,44,44,44,44,0
20200221T,44,44,44,44,0
20200222T,43,43,43,43,0
20200223T,46,46,46,46,0
20200224T,46,46,46,46,0
20200225T,44,44,44,44,0
20200226T,41,41,41,41,0
20200227T,39,39,39,39,0
20200228T,40,40,40,40,0
20200229T,38,38,38,38,0
20200301T,39,39,39,39,0
20200302T,38,38,38,38,0
20200303T,38,38,38,38,0
20200304T,40,40,40,40,0
20200305T,41,41,41,41,0
20200306T,39,39,39,39,0
20200307T,38,38,38,38,0
20200308T,33,33,33,33,0
20200309T,17,17,17,17,0
20200310T,16,16,16,16,0
20200311T,17,17,17,17,0
20200312T,14,14,14,14,0
20200313T,10,10,10,10,0
20200314T,8,8,8,8,0
20200315T,12,12,12,12,0
20200316T,9,9,9,9,0
20200317T,8,8,8,8,0
20200318T,11,11,11,11,0
20200319T,12,12,12,12,0
20200320T,9,9,9,9,0
20200321T,9,9,9,9,0
20200322T,11,11,11,11,0
20200323T,10,10,10,10,0
20200324T,12,12,12,12,0
20200325T,13,13,13,13,0
20200326T,14,14,14,14,0
20200327T,12,12,12,12,0
20200328T,8,8,8,8,0
20200329T,12,12,12,12,0
20200330T,10,10,10,10,0
20200331T,12,12,12,12,0
20200401T,12,12,12,12,0
20200402T,14,14,14,14,0
20200403T,14,14,14,14,0
20200404T,12,12,12,12,0
20200405T,12,12,12,12,0
20200406T,12,12,12,12,0
20200407T,20,20,20,20,0
20200408T,21,21,21,21,0
20200409T,22,22,22,22,0
20200410T,15,15,15,15,0
20200411T,15,15,15,15,0
20200412T,10,10,10,10,0
20200413T,11,11,11,11,0
20200414T,15,15,15,15,0
20200415T,18,18,18,18,0
20200416T,13,13,13,13,0
20200417T,15,15,15,15,0
20200418T,18,18,18,18,0
20200419T,16,16,16,16,0
20200420T,15,15,15,15,0
20200421T,17,17,17,17,0
20200422T,19,19,19,19,0
20200423T,19,19,19,19,0
20200424T,20,20,20,20,0
20200425T,24,24,24,24,0
20200426T,21,21,21,21,0
20200427T,28,28,28,28,0
20200428T,26,26,26,26,0
20200429T,26,26,26,26,0
20200430T,44,44,44,44,0
20200501T,40,40,40,40,0
20200502T,40,40,40,40,0
20200503T,45,45,45,45,0
20200504T,44,44,44,44,0
20200505T,40,40,40,40,0
20200506T,42,42,42,42,0
20200507T,49,49,49,49,0
20200508T,55,55,55,55,0
20200509T,56,56,56,56,0
20200510T,48,48,48,48,0
20200511T,40,40,40,40,0
20200512T,39,39,39,39,0
20200513T,41,41,41,41,0
20200514T,40,40,40,40,0
20200515T,44,44,44,44,0
20200516T,41,41,41,41,0
20200517T,40,40,40,40,0
20200518T,50,50,50,50,0
20200519T,50,50,50,50,0
20200520T,52,52,52,52,0
20200521T,49,49,49,49,0
20200522T,42,42,42,42,0
20200523T,40,40,40,40,0
20200524T,43,43,43,43,0
20200525T,41,41,41,41,0
20200526T,39,39,39,39,0
20200527T,39,39,39,39,0
20200528T,41,41,41,41,0
20200529T,48,48,48,48,0
20200530T,48,48,48,48,0
20200531T,51,51,51,51,0
20200601T,50,50,50,50,0
20200602T,56,56,56,56,0
20200603T,48,48,48,48,0
20200604T,54,54,54,54,0
20200605T,53,53,53,53,0
20200606T,54,54,54,54,0
20200607T,54,54,54,54,0
20200608T,53,53,53,53,0
20200609T,52,52,52,52,0
20200610T,54,54,54,54,0
20200611T,52,52,52,52,0
20200612T,38,38,38,38,0
20200613T,38,38,38,38,0
20200614T,40,40,40,40,0
20200615T,37,37,37,37,0
20200616T,39,39,39,39,0
20200617T,38,38,38,38,0
20200618T,40,40,40,40,0
20200619T,39,39,39,39,0
20200620T,38,38,38,38,0
20200621T,37,37,37,37,0
20200622T,38,38,38,38,0
20200623T,41,41,41,41,0
20200624T,50,50,50,50,0
20200625T,43,43,43,43,0
20200626T,40,40,40,40,0
20200627T,43,43,43,43,0
20200628T,40,40,40,40,0
20200629T,41,41,41,41,0
20200630T,44,44,44,44,0
20200701T,42,42,42,42,0
20200702T,42,42,42,42,0
20200703T,41,41,41,41,0
20200704T,40,40,40,40,0
20200705T,38,38,38,38,0
20200706T,40,40,40,40,0
20200707T,43,43,43,43,0
20200708T,44,44,44,44,0
20200709T,44,44,44,44,0
20200710T,41,41,41,41,0
20200711T,44,44,44,44,0
20200712T,41,41,41,41,0
20200713T,43,43,43,43,0
20200714T,43,43,43,43,0
20200715T,44,44,44,44,0
20200716T,43,43,43,43,0
20200717T,41,41,41,41,0
20200718T,44,44,44,44,0
20200719T,41,41,41,41,0
20200720T,44,44,44,44,0
20200721T,44,44,44,44,0
20200722T,50,50,50,50,0
20200723T,55,55,55,55,0
20200724T,53,53,53,53,0
20200725T,55,55,55,55,0
20200726T,55,55,55,55,0
20200727T,58,58,58,58,0
20200728T,76,76,76,76,0
20200729T,71,71,71,71,0
20200730T,76,76,76,76,0
20200731T,75,75,75,75,0
20200801T,75,75,75,75,0
20200802T,80,80,80,80,0
20200803T,75,75,75,75,0
20200804T,72,72,72,72,0
20200805T,75,75,75,75,0
20200806T,79,79,79,79,0
20200807T,77,77,77,77,0
20200808T,77,77,77,77,0
20200809T,79,79,79,79,0
20200810T,78,78,78,78,0
20200811T,84,84,84,84,0
20200812T,75,75,75,75,0
20200813T,75,75,75,75,0
20200814T,78,78,78,78,0
20200815T,79,79,79,79,0
20200816T,82,82,82,82,0
20200817T,83,83,83,83,0
20200818T,82,82,82,82,0
20200819T,80,80,80,80,0
20200820T,75,75,75,75,0
20200821T,81,81,81,81,0
20200822T,78,78,78,78,0
20200823T,76,76,76,76,0
20200824T,78,78,78,78,0
20200825T,75,75,75,75,0
20200826T,76,76,76,76,0
20200827T,75,75,75,75,0
20200828T,74,74,74,74,0
20200829T,79,79,79,79,0
20200830T,75,75,75,75,0
20200831T,75,75,75,75,0
20200901T,75,75,75,75,0
20200902T,83,83,83,83,0
20200903T,79,79,79,79,0
20200904T,40,40,40,40,0
20200905T,41,41,41,41,0
20200906T,41,41,41,41,0
20200907T,41,41,41,41,0
20200908T,41,41,41,41,0
20200909T,38,38,38,38,0
20200910T,38,38,38,38,0
20200911T,41,41,41,41,0
20200912T,41,41,41,41,0
20200913T,38,38,38,38,0
20200914T,39,39,39,39,0
20200915T,47,47,47,47,0
20200916T,43,43,43,43,0
20200917T,48,48,48,48,0
20200918T,49,49,49,49,0
20200919T,48,48,48,48,0
20200920T,52,52,52,52,0
20200921T,48,48,48,48,0
20200922T,39,39,39,39,0
20200923T,43,43,43,43,0
20200924T,39,39,39,39,0
20200925T,46,46,46,46,0
20200926T,45,45,45,45,0
20200927T,47,47,47,47,0
20200928T,43,43,43,43,0
20200929T,45,45,45,45,0
20200930T,49,49,49,49,0
20201001T,45,45,45,45,0
20201002T,41,41,41,41,0
20201003T,40,40,40,40,0
20201004T,42,42,42,42,0
20201005T,42,42,42,42,0
20201006T,47,47,47,47,0
20201007T,43,43,43,43,0
20201008T,46,46,46,46,0
20201009T,48,48,48,48,0
20201010T,53,53,53,53,0
20201011T,55,55,55,55,0
20201012T,52,52,52,52,0
20201013T,56,56,56,56,0
20201014T,53,53,53,53,0
20201015T,56,56,56,56,0
20201016T,52,52,52,52,0
20201017T,56,56,56,56,0
20201018T,55,55,55,55,0
20201019T,55,55,55,55,0
20201020T,56,56,56,56,0
20201021T,61,61,61,61,0
20201022T,73,73,73,73,0
20201023T,74,74,74,74,0
20201024T,73,73,73,73,0
20201025T,76,76,76,76,0
20201026T,75,75,75,75,0
20201027T,61,61,61,61,0
20201028T,70,70,70,70,0
20201029T,67,67,67,67,0
20201030T,74,74,74,74,0
20201031T,73,73,73,73,0
20201101T,72,72,72,72,0
20201102T,71,71,71,71,0
20201103T,71,71,71,71,0
20201104T,74,74,74,74,0
20201105T,72,72,72,72,0
20201106T,90,90,90,90,0
20201107T,88,88,88,88,0
20201108T,82,82,82,82,0
20201109T,90,90,90,90,0
20201110T,90,90,90,90,0
20201111T,86,86,86,86,0
20201112T,87,87,87,87,0
20201113T,89,89,89,89,0
20201114T,90,90,90,90,0
20201115T,86,86,86,86,0
20201116T,90,90,90,90,0
20201117T,86,86,86,86,0
20201118T,91,91,91,91,0
20201119T,94,94,94,94,0
20201120T,86,86,86,86,0
20201121T,91,91,91,91,0
20201122T,94,94,94,94,0
20201123T,90,90,90,90,0
20201124T,88,88,88,88,0
20201125T,94,94,94,94,0
20201126T,93,93,93,93,0
20201127T,86,86,86,86,0
20201128T,87,87,87,87,0
20201129T,89,89,89,89,0
20201130T,88,88,88,88,0
20201201T,95,95,95,95,0
20201202T,92,92,92,92,0
20201203T,92,92,92,92,0
20201204T,92,92,92,92,0
20201205T,93,93,93,93,0
20201206T,95,95,95,95,0
20201207T,94,94,94,94,0
20201208T,95,95,95,95,0
20201209T,86,86,86,86,0
20201210T,94,94,94,94,0
20201211T,89,89,89,89,0
20201212T,90,90,90,90,0
20201213T,91,91,91,91,0
20201214T,95,95,95,95,0
20201215T,91,91,91,91,0
20201216T,92,92,92,92,0
20201217T,92,92,92,92,0
20201218T,95,95,95,95,0
20201219T,93,93,93,93,0
20201220T,92,92,92,92,0
20201221T,92,92,92,92,0
20201222T,88,88,88,88,0
20201223T,93,93,93,93,0
20201224T,86,86,86,86,0
20201225T,94,94,94,94,0
20201226T,93,93,93,93,0
20201227T,91,91,91,91,0
20201228T,92,92,92,92,0
20201229T,91,91,91,91,0
20201230T,91,91,91,91,0
20201231T,95,95,95,95,0
20210101T,94,94,94,94,0
20210102T,94,94,94,94,0
20210103T,93,93,93,93,0
20210104T,94,94,94,94,0
20210105T,93,93,93,93,0
20210106T,95,95,95,95,0
20210107T,91,91,91,91,0
20210108T,93,93,93,93,0
20210109T,93,93,93,93,0
20210110T,94,94,94,94,0
20210111T,90,90,90,90,0
20210112T,84,84,84,84,0
20210113T,78,78,78,78,0
20210114T,83,83,83,83,0
20210115T,88,88,88,88,0
20210116T,84,84,84,84,0
20210117T,79,79,79,79,0
20210118T,79,79,79,79,0
20210119T,80,80,80,80,0
20210120T,78,78,78,78,0
20210121T,75,75,75,75,0
20210122T,40,40,40,40,0
20210123T,74,74,74,74,0
20210124T,70,70,70,70,0
20210125T,74,74,74,74,0
20210126T,71,71,71,71,0
20210127T,78,78,78,78,0
20210128T,55,55,55,55,0
20210129T,77,77,77,77,0
20210130T,76,76,76,76,0
20210131T,78,78,78,78,0
20210201T,77,77,77,77,0
20210202T,76,76,76,76,0
20210203T,78,78,78,78,0
20210204T,80,80,80,80,0
20210205T,81,81,81,81,0
20210206T,84,84,84,84,0
20210207T,86,86,86,86,0
20210208T,83,83,83,83,0
20210209T,95,95,95,95,0
20210210T,92,92,92,92,0
20210211T,93,93,93,93,0
20210212T,92,92,92,92,0
20210213T,92,92,92,92,0
20210214T,95,95,95,95,0
20210215T,93,93,93,93,0
20210216T,95,95,95,95,0
20210217T,95,95,95,95,0
20210218T,91,91,91,91,0
20210219T,93,93,93,93,0
20210220T,91,91,91,91,0
20210221T,91,91,91,91,0
20210222T,94,94,94,94,0
20210223T,94,94,94,94,0
20210224T,76,76,76,76,0
20210225T,79,79,79,79,0
20210226T,55,55,55,55,0
20210227T,56,56,56,56,0
20210228T,55,55,55,55,0
20210301T,38,38,38,38,0
20210302T,78,78,78,78,0
20210303T,78,78,78,78,0
20210304T,84,84,84,84,0
20210305T,77,77,77,77,0
20210306T,77,77,77,77,0
20210307T,76,76,76,76,0
20210308T,81,81,81,81,0
20210309T,81,81,81,81,0
20210310T,68,68,68,68,0
20210311T,73,73,73,73,0
20210312T,70,70,70,70,0
20210313T,74,74,74,74,0
20210314T,78,78,78,78,0
20210315T,76,76,76,76,0
20210316T,71,71,71,71,0
20210317T,71,71,71,71,0
20210318T,72,72,72,72,0
20210319T,71,71,71,71,0
20210320T,75,75,75,75,0
20210321T,73,73,73,73,0
20210322T,70,70,70,70,0
20210323T,66,66,66,66,0
20210324T,65,65,65,65,0
20210325T,60,60,60,60,0
20210326T,54,54,54,54,0
20210327T,65,65,65,65,0
20210328T,74,74,74,74,0
20210329T,72,72,72,72,0
20210330T,72,72,72,72,0
20210331T,76,76,76,76,0
20210401T,74,74,74,74,0
20210402T,74,74,74,74,0
20210403T,73,73,73,73,0
20210404T,74,74,74,74,0
20210405T,71,71,71,71,0
20210406T,75,75,75,75,0
20210407T,72,72,72,72,0
20210408T,73,73,73,73,0
20210409T,70,70,70,70,0
20210410T,70,70,70,70,0
20210411T,76,76,76,76,0
20210412T,74,74,74,74,0
20210413T,74,74,74,74,0
20210414T,75,75,75,75,0
20210415T,79,79,79,79,0
20210416T,78,78,78,78,0
20210417T,76,76,76,76,0
20210418T,79,79,79,79,0
20210419T,74,74,74,74,0
20210420T,73,73,73,73,0
20210421T,73,73,73,73,0
20210422T,65,65,65,65,0
20210423T,55,55,55,55,0
20210424T,37,37,37,37,0
20210425T,31,31,31,31,0
20210426T,27,27,27,27,0
20210427T,50,50,50,50,0
20210428T,59,59,59,59,0
20210429T,52,52,52,52,0
20210430T,51,51,51,51,0
20210501T,68,68,68,68,0
20210502T,66,66,66,66,0
20210503T,61,61,61,61,0
20210504T,68,68,68,68,0
20210505T,48,48,48,48,0
20210506T,65,65,65,65,0
20210507T,64,64,64,64,0
20210508T,67,67,67,67,0
20210509T,73,73,73,73,0
20210510T,72,72,72,72,0
20210511T,61,61,61,61,0
20210512T,68,68,68,68,0
20210513T,31,31,31,31,0
20210514T,26,26,26,26,0
20210515T,27,27,27,27,0
20210516T,20,20,20,20,0
20210517T,27,27,27,27,0
20210518T,21,21,21,21,0
20210519T,23,23,23,23,0
20210520T,11,11,11,11,0
20210521T,19,19,19,19,0
20210522T,12,12,12,12,0
20210523T,14,14,14,14,0
20210524T,10,10,10,10,0
20210525T,22,22,22,22,0
20210526T,22,22,22,22,0
20210527T,27,27,27,27,0
20210528T,21,21,21,21,0
20210529T,18,18,18,18,0
20210530T,10,10,10,10,0
20210531T,18,18,18,18,0
20210601T,20,20,20,20,0
20210602T,23,23,23,23,0
20210603T,24,24,24,24,0
20210604T,27,27,27,27,0
20210605T,24,24,24,24,0
20210606T,17,17,17,17,0
20210607T,15,15,15,15,0
20210608T,13,13,13,13,0
20210609T,14,14,14,14,0
20210610T,21,21,21,21,0
20210611T,21,21,21,21,0
20210612T,28,28,28,28,0
20210613T,23,23,23,23,0
20210614T,28,28,28,28,0
20210615T,38,38,38,38,0
20210616T,33,33,33,33,0
20210617T,26,26,26,26,0
20210618T,25,25,25,25,0
20210619T,23,23,23,23,0
20210620T,21,21,21,21,0
20210621T,23,23,23,23,0
20210622T,10,10,10,10,0
20210623T,14,14,14,14,0
20210624T,22,22,22,22,0
20210625T,27,27,27,27,0
20210626T,20,20,20,20,0
20210627T,22,22,22,22,0
20210628T,25,25,25,25,0
20210629T,25,25,25,25,0
20210630T,28,28,28,28,0
20210701T,28,28,28,28,0
20210702T,21,21,21,21,0
20210703T,24,24,24,24,0
20210704T,27,27,27,27,0
20210705T,29,29,29,29,0
20210706T,20,20,20,20,0
20210707T,28,28,28,28,0
20210708T,20,20,20,20,0
20210709T,20,20,20,20,0
20210710T,20,20,20,20,0
20210711T,20,20,20,20,0
20210712T,25,25,25,25,0
20210713T,20,20,20,20,0
20210714T,21,21,21,21,0
20210715T,20,20,20,20,0
20210716T,22,22,22,22,0
20210717T,15,15,15,15,0
20210718T,19,19,19,19,0
20210719T,24,24,24,24,0
20210720T,19,19,19,19,0
20210721T,10,10,10,10,0
20210722T,21,21,21,21,0
20210723T,23,23,23,23,0
20210724T,22,22,22,22,0
20210725T,27,27,27,27,0
20210726T,26,26,26,26,0
20210727T,32,32,32,32,0
20210728T,50,50,50,50,0
20210729T,50,50,50,50,0
20210730T,53,53,53,53,0
20210731T,60,60,60,60,0
20210801T,60,60,60,60,0
20210802T,48,48,48,48,0
20210803T,48,48,48,48,0
20210804T,42,42,42,42,0
20210805T,50,50,50,50,0
20210806T,52,52,52,52,0
20210807T,69,69,69,69,0
20210808T,74,74,74,74,0
20210809T,65,65,65,65,0
20210810T,71,71,71,71,0
20210811T,70,70,70,70,0
20210812T,70,70,70,70,0
20210813T,70,70,70,70,0
20210814T,76,76,76,76,0
20210815T,71,71,71,71,0
20210816T,72,72,72,72,0
20210817T,72,72,72,72,0
20210818T,73,73,73,73,0
20210819T,70,70,70,70,0
20210820T,70,70,70,70,0
20210821T,78,78,78,78,0
20210822T,76,76,76,76,0
20210823T,79,79,79,79,0
20210824T,79,79,79,79,0
20210825T,73,73,73,73,0
20210826T,75,75,75,75,0
20210827T,71,71,71,71,0
20210828T,78,78,78,78,0
20210829T,72,72,72,72,0
20210830T,73,73,73,73,0
20210831T,73,73,73,73,0
20210901T,71,71,71,71,0
20210902T,74,74,74,74,0
20210903T,74,74,74,74,0
20210904T,72,72,72,72,0
20210905T,73,73,73,73,0
20210906T,79,79,79,79,0
20210907T,79,79,79,79,0
20210908T,47,47,47,47,0
20210909T,45,45,45,45,0
20210910T,46,46,46,46,0
20210911T,31,31,31,31,0
20210912T,32,32,32,32,0
20210913T,44,44,44,44,0
20210914T,30,30,30,30,0
20210915T,49,49,49,49,0
20210916T,53,53,53,53,0
20210917T,48,48,48,48,0
20210918T,50,50,50,50,0
20210919T,53,53,53,53,0
20210920T,50,50,50,50,0
20210921T,27,27,27,27,0
20210922T,21,21,21,21,0
20210923T,27,27,27,27,0
20210924T,33,33,33,33,0
20210925T,28,28,28,28,0
20210926T,27,27,27,27,0
20210927T,26,26,26,26,0
20210928T,25,25,25,25,0
20210929T,24,24,24,24,0
20210930T,20,20,20,20,0
20211001T,27,27,27,27,0
20211002T,54,54,54,54,0
20211003T,49,49,49,49,0
20211004T,54,54,54,54,0
20211005T,59,59,59,59,0
20211006T,68,68,68,68,0
20211007T,76,76,76,76,0
20211008T,74,74,74,74,0
20211009T,72,72,72,72,0
20211010T,71,71,71,71,0
20211011T,71,71,71,71,0
20211012T,78,78,78,78,0
20211013T,70,70,70,70,0
20211014T,70,70,70,70,0
20211015T,71,71,71,71,0
20211016T,78,78,78,78,0
20211017T,79,79,79,79,0
20211018T,78,78,78,78,0
20211019T,75,75,75,75,0
20211020T,82,82,82,82,0
20211021T,84,84,84,84,0
20211022T,75,75,75,75,0
20211023T,74,74,74,74,0
20211024T,73,73,73,73,0
20211025T,72,72,72,72,0
20211026T,76,76,76,76,0
20211027T,73,73,73,73,0
20211028T,66,66,66,66,0
20211029T,70,70,70,70,0
20211030T,73,73,73,73,0
20211031T,74,74,74,74,0
20211101T,74,74,74,74,0
20211102T,73,73,73,73,0
20211103T,76,76,76,76,0
20211104T,73,73,73,73,0
20211105T,73,73,73,73,0
20211106T,71,71,71,71,0
20211107T,73,73,73,73,0
20211108T,75,75,75,75,0
20211109T,84,84,84,84,0
20211110T,75,75,75,75,0
20211111T,77,77,77,77,0
20211112T,74,74,74,74,0
20211113T,72,72,72,72,0
20211114T,74,74,74,74,0
20211115T,72,72,72,72,0
20211116T,71,71,71,71,0
20211117T,52,52,52,52,0
20211118T,54,54,54,54,0
20211119T,34,34,34,34,0
20211120T,43,43,43,43,0
20211121T,49,49,49,49,0
20211122T,50,50,50,50,0
20211123T,33,33,33,33,0
20211124T,42,42,42,42,0
20211125T,32,32,32,32,0
20211126T,47,47,47,47,0
20211127T,21,21,21,21,0
20211128T,27,27,27,27,0
20211129T,33,33,33,33,0
20211130T,40,40,40,40,0
20211201T,34,34,34,34,0
20211202T,32,32,32,32,0
20211203T,31,31,31,31,0
20211204T,25,25,25,25,0
20211205T,18,18,18,18,0
20211206T,16,16,16,16,0
20211207T,25,25,25,25,0
20211208T,28,28,28,28,0
20211209T,29,29,29,29,0
20211210T,24,24,24,24,0
20211211T,16,16,16,16,0
20211212T,27,27,27,27,0
20211213T,28,28,28,28,0
20211214T,21,21,21,21,0
20211215T,28,28,28,28,0
20211216T,29,29,29,29,0
20211217T,23,23,23,23,0
20211218T,24,24,24,24,0
20211219T,29,29,29,29,0
20211220T,25,25,25,25,0
20211221T,27,27,27,27,0
20211222T,45,45,45,45,0
20211223T,34,34,34,34,0
20211224T,41,41,41,41,0
20211225T,39,39,39,39,0
20211226T,37,37,37,37,0
20211227T,40,40,40,40,0
20211228T,41,41,41,41,0
20211229T,27,27,27,27,0
20211230T,22,22,22,22,0
20211231T,28,28,28,28,0
20220101T,21,21,21,21,0
20220102T,29,29,29,29,0
20220103T,29,29,29,29,0
20220104T,23,23,23,23,0
20220105T,24,24,24,24,0
20220106T,15,15,15,15,0
20220107T,18,18,18,18,0
20220108T,10,10,10,10,0
20220109T,23,23,23,23,0
20220110T,23,23,23,23,0
20220111T,21,21,21,21,0
20220112T,22,22,22,22,0
20220113T,21,21,21,21,0
20220114T,21,21,21,21,0
20220115T,23,23,23,23,0
20220116T,21,21,21,21,0
20220117T,22,22,22,22,0
20220118T,24,24,24,24,0
20220119T,24,24,24,24,0
20220120T,24,24,24,24,0
20220121T,19,19,19,19,0
20220122T,13,13,13,13,0
20220123T,11,11,11,11,0
20220124T,13,13,13,13,0
20220125T,12,12,12,12,0
20220126T,23,23,23,23,0
20220127T,20,20,20,20,0
20220128T,24,24,24,24,0
20220129T,24,24,24,24,0
20220130T,29,29,29,29,0
20220131T,20,20,20,20,0
20220201T,26,26,26,26,0
20220202T,28,28,28,28,0
20220203T,20,20,20,20,0
20220204T,20,20,20,20,0
20220205T,33,33,33,33,0
20220206T,37,37,37,37,0
20220207T,45,45,45,45,0
20220208T,48,48,48,48,0
20220209T,54,54,54,54,0
20220210T,50,50,50,50,0
20220211T,50,50,50,50,0
20220212T,44,44,44,44,0
20220213T,44,44,44,44,0
20220214T,46,46,46,46,0
20220215T,46,46,46,46,0
20220216T,51,51,51,51,0
20220217T,52,52,52,52,0
20220218T,30,30,30,30,0
20220219T,25,25,25,25,0
20220220T,27,27,27,27,0
20220221T,25,25,25,25,0
20220222T,20,20,20,20,0
20220223T,25,25,25,25,0
20220224T,23,23,23,23,0
20220225T,27,27,27,27,0
20220226T,26,26,26,26,0
20220227T,26,26,26,26,0
20220228T,20,20,20,20,0
20220301T,51,51,51,51,0
20220302T,52,52,52,52,0
20220303T,39,39,39,39,0
20220304T,33,33,33,33,0
20220305T,22,22,22,22,0
20220306T,22,22,22,22,0
20220307T,23,23,23,23,0
20220308T,21,21,21,21,0
20220309T,22,22,22,22,0
20220310T,28,28,28,28,0
20220311T,22,22,22,22,0
20220312T,22,22,22,22,0
20220313T,21,21,21,21,0
20220314T,23,23,23,23,0
20220315T,21,21,21,21,0
20220316T,24,24,24,24,0
20220317T,27,27,27,27,0
20220318T,25,25,25,25,0
20220319T,28,28,28,28,0
20220320T,31,31,31,31,0
20220321T,30,30,30,30,0
20220322T,26,26,26,26,0
20220323T,31,31,31,31,0
20220324T,40,40,40,40,0
20220325T,47,47,47,47,0
20220326T,51,51,51,51,0
20220327T,49,49,49,49,0
20220328T,60,60,60,60,0
20220329T,56,56,56,56,0
20220330T,55,55,55,55,0
20220331T,52,52,52,52,0
20220401T,50,50,50,50,0
20220402T,52,52,52,52,0
20220403T,48,48,48,48,0
20220404T,52,52,52,52,0
20220405T,53,53,53,53,0
20220406T,48,48,48,48,0
20220407T,34,34,34,34,0
20220408T,37,37,37,37,0
20220409T,30,30,30,30,0
20220410T,34,34,34,34,0
20220411T,32,32,32,32,0
20220412T,20,20,20,20,0
20220413T,25,25,25,25,0
20220414T,28,28,28,28,0
20220415T,22,22,22,22,0
20220416T,28,28,28,28,0
20220417T,28,28,28,28,0
20220418T,24,24,24,24,0
20220419T,27,27,27,27,0
20220420T,27,27,27,27,0
20220421T,27,27,27,27,0
20220422T,26,26,26,26,0
20220423T,24,24,24,24,0
20220424T,24,24,24,24,0
20220425T,23,23,23,23,0
20220426T,27,27,27,27,0
20220427T,21,21,21,21,0
20220428T,24,24,24,24,0
20220429T,23,23,23,23,0
20220430T,20,20,20,20,0
20220501T,22,22,22,22,0
20220502T,28,28,28,28,0
20220503T,27,27,27,27,0
20220504T,21,21,21,21,0
20220505T,27,27,27,27,0
20220506T,22,22,22,22,0
20220507T,23,23,23,23,0
20220508T,18,18,18,18,0
20220509T,11,11,11,11,0
20220510T,10,10,10,10,0
20220511T,12,12,12,12,0
20220512T,12,12,12,12,0
20220513T,10,10,10,10,0
20220514T,9,9,9,9,0
20220515T,10,10,10,10,0
20220516T,14,14,14,14,0
20220517T,8,8,8,8,0
20220518T,12,12,12,12,0
20220519T,13,13,13,13,0
20220520T,13,13,13,13,0
20220521T,13,13,13,13,0
20220522T,14,14,14,14,0
20220523T,10,10,10,10,0
20220524T,12,12,12,12,0
20220525T,11,11,11,11,0
20220526T,12,12,12,12,0
20220527T,12,12,12,12,0
20220528T,13,13,13,13,0
20220529T,14,14,14,14,0
20220530T,10,10,10,10,0
20220531T,16,16,16,16,0
20220601T,17,17,17,17,0
20220602T,13,13,13,13,0
20220603T,10,10,10,10,0
20220604T,14,14,14,14,0
20220605T,10,10,10,10,0
20220606T,13,13,13,13,0
20220607T,15,15,15,15,0
20220608T,17,17,17,17,0
20220609T,11,11,11,11,0
20220610T,13,13,13,13,0
20220611T,12,12,12,12,0
20220612T,14,14,14,14,0
20220613T,11,11,11,11,0
20220614T,8,8,8,8,0
20220615T,7,7,7,7,0
20220616T,7,7,7,7,0
20220617T,9,9,9,9,0
20220618T,6,6,6,6,0
20220619T,6,6,6,6,0
20220620T,9,9,9,9,0
20220621T,9,9,9,9,0
20220622T,11,11,11,11,0
20220623T,11,11,11,11,0
20220624T,11,11,11,11,0
20220625T,14,14,14,14,0
20220626T,14,14,14,14,0
20220627T,12,12,12,12,0
20220628T,10,10,10,10,0
20220629T,13,13,13,13,0
20220630T,11,11,11,11,0
20220701T,11,11,11,11,0
20220702T,14,14,14,14,0
20220703T,11,11,11,11,0
20220704T,14,14,14,14,0
20220705T,19,19,19,19,0
20220706T,18,18,18,18,0
20220707T,18,18,18,18,0
20220708T,20,20,20,20,0
20220709T,24,24,24,24,0
20220710T,24,24,24,24,0
20220711T,22,22,22,22,0
20220712T,16,16,16,16,0
20220713T,15,15,15,15,0
20220714T,18,18,18,18,0
20220715T,15,15,15,15,0
20220716T,21,21,21,21,0
20220717T,24,24,24,24,0
20220718T,20,20,20,20,0
20220719T,30,30,30,30,0
20220720T,31,31,31,31,0
20220721T,34,34,34,34,0
20220722T,33,33,33,33,0
20220723T,31,31,31,31,0
20220724T,30,30,30,30,0
20220725T,30,30,30,30,0
20220726T,26,26,26,26,0
20220727T,28,28,28,28,0
20220728T,32,32,32,32,0
20220729T,39,39,39,39,0
20220730T,42,42,42,42,0
20220731T,39,39,39,39,0
20220801T,33,33,33,33,0
20220802T,31,31,31,31,0
20220803T,34,34,34,34,0
20220804T,30,30,30,30,0
20220805T,31,31,31,31,0
20220806T,31,31,31,31,0
20220807T,30,30,30,30,0
20220808T,30,30,30,30,0
20220809T,42,42,42,42,0
20220810T,31,31,31,31,0
20220811T,41,41,41,41,0
20220812T,42,42,42,42,0
20220813T,46,46,46,46,0
20220814T,47,47,47,47,0
20220815T,45,45,45,45,0
20220816T,44,44,44,44,0
20220817T,41,41,41,41,0
20220818T,30,30,30,30,0
20220819T,33,33,33,33,0
20220820T,29,29,29,29,0
20220821T,27,27,27,27,0
20220822T,29,29,29,29,0
20220823T,28,28,28,28,0
20220824T,25,25,25,25,0
20220825T,25,25,25,25,0
20220826T,27,27,27,27,0
20220827T,28,28,28,28,0
20220828T,28,28,28,28,0
20220829T,24,24,24,24,0
20220830T,27,27,27,27,0
20220831T,23,23,23,23,0
20220901T,20,20,20,20,0
20220902T,25,25,25,25,0
20220903T,21,21,21,21,0
20220904T,20,20,20,20,0
20220905T,23,23,23,23,0
20220906T,22,22,22,22,0
20220907T,24,24,24,24,0
20220908T,20,20,20,20,0
20220909T,22,22,22,22,0
20220910T,28,28,28,28,0
20220911T,26,26,26,26,0
20220912T,25,25,25,25,0
20220913T,34,34,34,34,0
20220914T,27,27,27,27,0
20220915T,28,28,28,28,0
20220916T,20,20,20,20,0
20220917T,22,22,22,22,0
20220918T,27,27,27,27,0
20220919T,21,21,21,21,0
20220920T,23,23,23,23,0
20220921T,23,23,23,23,0
20220922T,22,22,22,22,0
20220923T,20,20,20,20,0
20220924T,24,24,24,24,0
20220925T,24,24,24,24,0
20220926T,21,21,21,21,0
20220927T,20,20,20,20,0
20220928T,20,20,20,20,0
20220929T,22,22,22,22,0
20220930T,21,21,21,21,0
20221001T,20,20,20,20,0
20221002T,24,24,24,24,0
20221003T,24,24,24,24,0
20221004T,20,20,20,20,0
20221005T,25,25,25,25,0
20221006T,26,26,26,26,0
20221007T,23,23,23,23,0
20221008T,24,24,24,24,0
20221009T,22,22,22,22,0
20221010T,22,22,22,22,0
20221011T,24,24,24,24,0
20221012T,20,20,20,20,0
20221013T,20,20,20,20,0
20221014T,24,24,24,24,0
20221015T,24,24,24,24,0
20221016T,24,24,24,24,0
20221017T,20,20,20,20,0
20221018T,22,22,22,22,0
20221019T,23,23,23,23,0
20221020T,23,23,23,23,0
20221021T,23,23,23,23,0
20221022T,20,20,20,20,0
20221023T,23,23,23,23,0
20221024T,22,22,22,22,0
20221025T,20,20,20,20,0
20221026T,33,33,33,33,0
20221027T,32,32,32,32,0
20221028T,30,30,30,30,0
20221029T,34,34,34,34,0
20221030T,34,34,34,34,0
20221031T,31,31,31,31,0
20221101T,30,30,30,30,0
20221102T,30,30,30,30,0
20221103T,30,30,30,30,0
20221104T,30,30,30,30,0
20221105T,38,38,38,38,0
20221106T,40,40,40,40,0
20221107T,33,33,33,33,0
20221108T,31,31,31,31,0
20221109T,29,29,29,29,0
20221110T,22,22,22,22,0
20221111T,25,25,25,25,0
20221112T,21,21,21,21,0
20221113T,22,22,22,22,0
20221114T,24,24,24,24,0
20221115T,22,22,22,22,0
20221116T,23,23,23,23,0
20221117T,20,20,20,20,0
20221118T,23,23,23,23,0
20221119T,23,23,23,23,0
20221120T,24,24,24,24,0
20221121T,21,21,21,21,0
20221122T,22,22,22,22,0
20221123T,22,22,22,22,0
20221124T,20,20,20,20,0
20221125T,20,20,20,20,0
20221126T,22,22,22,22,0
20221127T,26,26,26,26,0
20221128T,28,28,28,28,0
20221129T,26,26,26,26,0
20221130T,29,29,29,29,0
20221201T,27,27,27,27,0
20221202T,27,27,27,27,0
20221203T,27,27,27,27,0
20221204T,26,26,26,26,0
20221205T,26,26,26,26,0
20221206T,25,25,25,25,0
20221207T,29,29,29,29,0
20221208T,25,25,25,25,0
20221209T,26,26,26,26,0
20221210T,27,27,27,27,0
20221211T,26,26,26,26,0
20221212T,27,27,27,27,0
20221213T,27,27,27,27,0
20221214T,30,30,30,30,0
20221215T,31,31,31,31,0
20221216T,29,29,29,29,0
20221217T,28,28,28,28,0
20221218T,26,26,26,26,0
20221219T,29,29,29,29,0
20221220T,29,29,29,29,0
20221221T,26,26,26,26,0
20221222T,28,28,28,28,0
20221223T,27,27,27,27,0
20221224T,29,29,29,29,0
20221225T,29,29,29,29,0
20221226T,28,28,28,28,0
20221227T,27,27,27,27,0
20221228T,28,28,28,28,0
20221229T,28,28,28,28,0
20221230T,28,28,28,28,0
20221231T,25,25,25,25,0
20230101T,26,26,26,26,0
20230102T,27,27,27,27,0
20230103T,26,26,26,26,0
20230104T,29,29,29,29,0
20230105T,29,29,29,29,0
20230106T,26,26,26,26,0
20230107T,25,25,25,25,0
20230108T,25,25,25,25,0
20230109T,25,25,25,25,0
20230110T,26,26,26,26,0
20230111T,26,26,26,26,0
20230112T,30,30,30,30,0
20230113T,31,31,31,31,0
20230114T,46,46,46,46,0
20230115T,52,52,52,52,0
20230116T,45,45,45,45,0
20230117T,51,51,51,51,0
20230118T,52,52,52,52,0
20230119T,45,45,45,45,0
20230120T,51,51,51,51,0
20230121T,53,53,53,53,0
20230122T,53,53,53,53,0
20230123T,50,50,50,50,0
20230124T,52,52,52,52,0
20230125T,51,51,51,51,0
20230126T,54,54,54,54,0
20230127T,55,55,55,55,0
20230128T,52,52,52,52,0
20230129T,55,55,55,55,0
20230130T,61,61,61,61,0
20230131T,51,51,51,51,0
20230201T,56,56,56,56,0
20230202T,60,60,60,60,0
20230203T,60,60,60,60,0
20230204T,58,58,58,58,0
20230205T,58,58,58,58,0
20230206T,56,56,56,56,0
20230207T,54,54,54,54,0
20230208T,58,58,58,58,0
20230209T,55,55,55,55,0
20230210T,48,48,48,48,0
20230211T,49,49,49,49,0
20230212T,50,50,50,50,0
20230213T,48,48,48,48,0
20230214T,50,50,50,50,0
20230215T,53,53,53,53,0
20230216T,62,62,62,62,0
20230217T,61,61,61,61,0
20230218T,60,60,60,60,0
20230219T,60,60,60,60,0
20230220T,58,58,58,58,0
20230221T,60,60,60,60,0
20230222T,59,59,59,59,0
20230223T,56,56,56,56,0
20230224T,53,53,53,53,0
20230225T,52,52,52,52,0
20230226T,51,51,51,51,0
20230227T,50,50,50,50,0
20230228T,53,53,53,53,0
20230301T,50,50,50,50,0
20230302T,51,51,51,51,0
20230303T,50,50,50,50,0
20230304T,50,50,50,50,0
20230305T,47,47,47,47,0
20230306T,48,48,48,48,0
20230307T,49,49,49,49,0
20230308T,50,50,50,50,0
20230309T,44,44,44,44,0
20230310T,34,34,34,34,0
20230311T,33,33,33,33,0
20230312T,33,33,33,33,0
20230313T,49,49,49,49,0
20230314T,56,56,56,56,0
20230315T,50,50,50,50,0
20230316T,52,52,52,52,0
20230317T,51,51,51,51,0
20230318T,64,64,64,64,0
20230319T,63,63,63,63,0
20230320T,66,66,66,66,0
20230321T,68,68,68,68,0
20230322T,62,62,62,62,0
20230323T,57,57,57,57,0
20230324T,61,61,61,61,0
20230325T,64,64,64,64,0
20230326T,64,64,64,64,0
20230327T,64,64,64,64,0
20230328T,59,59,59,59,0
20230329T,57,57,57,57,0
20230330T,60,60,60,60,0
20230331T,63,63,63,63,0
20230401T,61,61,61,61,0
20230402T,63,63,63,63,0
20230403T,63,63,63,63,0
20230404T,62,62,62,62,0
20230405T,62,62,62,62,0
20230406T,63,63,63,63,0
20230407T,64,64,64,64,0
20230408T,61,61,61,61,0
20230409T,61,61,61,61,0
20230410T,62,62,62,62,0
20230411T,68,68,68,68,0
20230412T,65,65,65,65,0
20230413T,61,61,61,61,0
20230414T,68,68,68,68,0
20230415T,68,68,68,68,0
20230416T,68,68,68,68,0
20230417T,69,69,69,69,0
20230418T,58,58,58,58,0
20230419T,63,63,63,63,0
20230420T,52,52,52,52,0
20230421T,50,50,50,50,0
20230422T,53,53,53,53,0
20230423T,56,56,56,56,0
20230424T,53,53,53,53,0
20230425T,53,53,53,53,0
20230426T,56,56,56,56,0
20230427T,59,59,59,59,0
20230428T,64,64,64,64,0
20230429T,64,64,64,64,0
20230430T,60,60,60,60,0
20230501T,63,63,63,63,0
20230502T,55,55,55,55,0
20230503T,64,64,64,64,0
20230504T,64,64,64,64,0
20230505T,61,61,61,61,0
20230506T,60,60,60,60,0
20230507T,64,64,64,64,0
20230508T,60,60,60,60,0
20230509T,51,51,51,51,0
20230510T,52,52,52,52,0
20230511T,52,52,52,52,0
20230512T,49,49,49,49,0
20230513T,48,48,48,48,0
20230514T,48,48,48,48,0
20230515T,50,50,50,50,0
20230516T,54,54,54,54,0
20230517T,50,50,50,50,0
20230518T,51,51,51,51,0
20230519T,48,48,48,48,0
20230520T,48,48,48,48,0
20230521T,52,52,52,52,0
20230522T,49,49,49,49,0
20230523T,50,50,50,50,0
20230524T,50,50,50,50,0
20230525T,51,51,51,51,0
20230526T,49,49,49,49,0
20230527T,48,48,48,48,0
20230528T,50,50,50,50,0
20230529T,52,52,52,52,0
20230530T,51,51,51,51,0
20230531T,51,51,51,51,0
20230601T,52,52,52,52,0
20230602T,50,50,50,50,0
20230603T,53,53,53,53,0
20230604T,52,52,52,52,0
20230605T,53,53,53,53,0
20230606T,44,44,44,44,0
20230607T,53,53,53,53,0
20230608T,50,50,50,50,0
20230609T,50,50,50,50,0
20230610T,49,49,49,49,0
20230611T,47,47,47,47,0
20230612T,47,47,47,47,0
20230613T,45,45,45,45,0
20230614T,46,46,46,46,0
20230615T,41,41,41,41,0
20230616T,47,47,47,47,0
20230617T,47,47,47,47,0
20230618T,49,49,49,49,0
20230619T,47,47,47,47,0
20230620T,49,49,49,49,0
20230621T,59,59,59,59,0
20230622T,65,65,65,65,0
20230623T,65,65,65,65,0
20230624T,62,62,62,62,0
20230625T,64,64,64,64,0
20230626T,55,55,55,55,0
20230627T,59,59,59,59,0
20230628T,62,62,62,62,0
20230629T,54,54,54,54,0
20230630T,56,56,56,56,0
20230701T,59,59,59,59,0
20230702T,63,63,63,63,0
20230703T,62,62,62,62,0
20230704T,64,64,64,64,0
20230705T,61,61,61,61,0
20230706T,56,56,56,56,0
20230707T,55,55,55,55,0
20230708T,58,58,58,58,0
20230709T,55,55,55,55,0
20230710T,56,56,56,56,0
20230711T,57,57,57,57,0
20230712T,64,64,64,64,0
20230713T,57,57,57,57,0
20230714T,60,60,60,60,0
20230715T,56,56,56,56,0
20230716T,57,57,57,57,0
20230717T,54,54,54,54,0
20230718T,56,56,56,56,0
20230719T,50,50,50,50,0
20230720T,56,56,56,56,0
20230721T,50,50,50,50,0
20230722T,52,52,52,52,0
20230723T,54,54,54,54,0
20230724T,55,55,55,55,0
20230725T,50,50,50,50,0
20230726T,51,51,51,51,0
20230727T,51,51,51,51,0
20230728T,52,52,52,52,0
20230729T,52,52,52,52,0
20230730T,52,52,52,52,0
20230731T,50,50,50,50,0
20230801T,53,53,53,53,0
20230802T,53,53,53,53,0
20230803T,52,52,52,52,0
20230804T,54,54,54,54,0
20230805T,50,50,50,50,0
20230806T,49,49,49,49,0
20230807T,49,49,49,49,0
20230808T,54,54,54,54,0
20230809T,50,50,50,50,0
20230810T,53,53,53,53,0
20230811T,51,51,51,51,0
20230812T,54,54,54,54,0
20230813T,54,54,54,54,0
20230814T,50,50,50,50,0
20230815T,53,53,53,53,0
20230816T,52,52,52,52,0
20230817T,50,50,50,50,0
20230818T,37,37,37,37,0
20230819T,39,39,39,39,0
20230820T,37,37,37,37,0
20230821T,38,38,38,38,0
20230822T,37,37,37,37,0
20230823T,37,37,37,37,0
20230824T,41,41,41,41,0
20230825T,39,39,39,39,0
20230826T,38,38,38,38,0
20230827T,38,38,38,38,0
20230828T,39,39,39,39,0
20230829T,39,39,39,39,0
20230830T,49,49,49,49,0
20230831T,52,52,52,52,0
20230901T,40,40,40,40,0
20230902T,39,39,39,39,0
20230903T,40,40,40,40,0
20230904T,40,40,40,40,0
20230905T,40,40,40,40,0
20230906T,42,42,42,42,0
20230907T,41,41,41,41,0
20230908T,46,46,46,46,0
20230909T,41,41,41,41,0
20230910T,40,40,40,40,0
20230911T,40,40,40,40,0
20230912T,30,30,30,30,0
20230913T,41,41,41,41,0
20230914T,45,45,45,45,0
20230915T,45,45,45,45,0
20230916T,43,43,43,43,0
20230917T,46,46,46,46,0
20230918T,46,46,46,46,0
20230919T,46,46,46,46,0
20230920T,47,47,47,47,0
20230921T,47,47,47,47,0
20230922T,43,43,43,43,0
20230923T,47,47,47,47,0
20230924T,44,44,44,44,0
20230925T,47,47,47,47,0
20230926T,46,46,46,46,0
20230927T,44,44,44,44,0
20230928T,46,46,46,46,0
20230929T,48,48,48,48,0
20230930T,47,47,47,47,0
20231001T,48,48,48,48,0
20231002T,50,50,50,50,0
20231003T,50,50,50,50,0
20231004T,49,49,49,49,0
20231005T,48,48,48,48,0
20231006T,50,50,50,50,0
20231007T,49,49,49,49,0
20231008T,50,50,50,50,0
20231009T,50,50,50,50,0
20231010T,50,50,50,50,0
20231011T,47,47,47,47,0
20231012T,45,45,45,45,0
20231013T,44,44,44,44,0
20231014T,47,47,47,47,0
20231015T,45,45,45,45,0
20231016T,47,47,47,47,0
20231017T,52,52,52,52,0
20231018T,50,50,50,50,0
20231019T,52,52,52,52,0
20231020T,53,53,53,53,0
20231021T,63,63,63,63,0
20231022T,53,53,53,53,0
20231023T,53,53,53,53,0
20231024T,66,66,66,66,0
20231025T,72,72,72,72,0
20231026T,71,71,71,71,0
20231027T,70,70,70,70,0
20231028T,65,65,65,65,0
20231029T,72,72,72,72,0
20231030T,68,68,68,68,0
20231031T,66,66,66,66,0
20231101T,66,66,66,66,0
20231102T,72,72,72,72,0
20231103T,65,65,65,65,0
20231104T,68,68,68,68,0
20231105T,70,70,70,70,0
20231106T,74,74,74,74,0
20231107T,68,68,68,68,0
20231108T,66,66,66,66,0
20231109T,69,69,69,69,0
20231110T,70,70,70,70,0
20231111T,70,70,70,70,0
20231112T,73,73,73,73,0
20231113T,72,72,72,72,0
20231114T,69,69,69,69,0
20231115T,60,60,60,60,0
20231116T,70,70,70,70,0
20231117T,63,63,63,63,0
20231118T,69,69,69,69,0
20231119T,66,66,66,66,0
20231120T,69,69,69,69,0
20231121T,71,71,71,71,0
20231122T,62,62,62,62,0
20231123T,66,66,66,66,0
20231124T,66,66,66,66,0
20231125T,73,73,73,73,0
20231126T,73,73,73,73,0
20231127T,66,66,66,66,0
20231128T,68,68,68,68,0
20231129T,72,72,72,72,0
20231130T,74,74,74,74,0
20231201T,71,71,71,71,0
20231202T,74,74,74,74,0
20231203T,73,73,73,73,0
20231204T,74,74,74,74,0
20231205T,75,75,75,75,0
20231206T,72,72,72,72,0
20231207T,72,72,72,72,0
20231208T,72,72,72,72,0
20231209T,73,73,73,73,0
20231210T,74,74,74,74,0
20231211T,74,74,74,74,0
20231212T,67,67,67,67,0
20231213T,65,65,65,65,0
20231214T,72,72,72,72,0
20231215T,70,70,70,70,0
20231216T,67,67,67,67,0
20231217T,73,73,73,73,0
20231218T,65,65,65,65,0
20231219T,73,73,73,73,0
20231220T,74,74,74,74,0
20231221T,70,70,70,70,0
20231222T,74,74,74,74,0
20231223T,70,70,70,70,0
20231224T,71,71,71,71,0
20231225T,73,73,73,73,0
20231226T,71,71,71,71,0
20231227T,73,73,73,73,0
20231228T,73,73,73,73,0
20231229T,65,65,65,65,0
20231230T,68,68,68,68,0
20231231T,67,67,67,67,0
20240101T,65,65,65,65,0
20240102T,71,71,71,71,0
20240103T,70,70,70,70,0
20240104T,68,68,68,68,0
20240105T,72,72,72,72,0
20240106T,70,70,70,70,0
20240107T,71,71,71,71,0
20240108T,71,71,71,71,0
20240109T,76,76,76,76,0
20240110T,73,73,73,73,0
20240111T,76,76,76,76,0
20240112T,71,71,71,71,0
20240113T,64,64,64,64,0
20240114T,60,60,60,60,0
20240115T,52,52,52,52,0
20240116T,64,64,64,64,0
20240117T,60,60,60,60,0
20240118T,63,63,63,63,0
20240119T,51,51,51,51,0
20240120T,52,52,52,52,0
20240121T,56,56,56,56,0
20240122T,55,55,55,55,0
20240123T,50,50,50,50,0
20240124T,48,48,48,48,0
20240125T,52,52,52,52,0
20240126T,49,49,49,49,0
20240127T,55,55,55,55,0
20240128T,54,54,54,54,0
20240129T,55,55,55,55,0
20240130T,61,61,61,61,0
20240131T,60,60,60,60,0
20240201T,63,63,63,63,0
20240202T,63,63,63,63,0
20240203T,60,60,60,60,0
20240204T,60,60,60,60,0
20240205T,60,60,60,60,0
20240206T,64,64,64,64,0
20240207T,62,62,62,62,0
20240208T,66,66,66,66,0
20240209T,72,72,72,72,0
20240210T,74,74,74,74,0
20240211T,71,71,71,71,0
20240212T,70,70,70,70,0
20240213T,79,79,79,79,0
20240214T,74,74,74,74,0
20240215T,72,72,72,72,0
20240216T,72,72,72,72,0
20240217T,76,76,76,76,0
20240218T,72,72,72,72,0
20240219T,75,75,75,75,0
20240220T,72,72,72,72,0
20240221T,78,78,78,78,0
20240222T,74,74,74,74,0
20240223T,76,76,76,76,0
20240224T,72,72,72,72,0
20240225T,74,74,74,74,0
20240226T,72,72,72,72,0
20240227T,79,79,79,79,0
20240228T,82,82,82,82,0
20240229T,80,80,80,80,0
20240301T,80,80,80,80,0
20240302T,80,80,80,80,0
20240303T,83,83,83,83,0
20240304T,82,82,82,82,0
20240305T,90,90,90,90,0
20240306T,75,75,75,75,0
20240307T,82,82,82,82,0
20240308T,81,81,81,81,0
20240309T,84,84,84,84,0
20240310T,79,79,79,79,0
20240311T,82,82,82,82,0
20240312T,81,81,81,81,0
20240313T,81,81,81,81,0
20240314T,88,88,88,88,0
20240315T,83,83,83,83,0
20240316T,81,81,81,81,0
20240317T,79,79,79,79,0
20240318T,77,77,77,77,0
20240319T,79,79,79,79,0
20240320T,74,74,74,74,0
20240321T,78,78,78,78,0
20240322T,75,75,75,75,0
20240323T,73,73,73,73,0
20240324T,74,74,74,74,0
20240325T,75,75,75,75,0
20240326T,81,81,81,81,0
20240327T,83,83,83,83,0
20240328T,80,80,80,80,0
20240329T,79,79,79,79,0
20240330T,75,75,75,75,0
20240331T,75,75,75,75,0
20240401T,79,79,79,79,0
20240402T,79,79,79,79,0
20240403T,71,71,71,71,0
20240404T,70,70,70,70,0
20240405T,79,79,79,79,0
20240406T,75,75,75,75,0
20240407T,78,78,78,78,0
20240408T,76,76,76,76,0
20240409T,80,80,80,80,0
20240410T,78,78,78,78,0
20240411T,76,76,76,76,0
20240412T,79,79,79,79,0
20240413T,72,72,72,72,0
20240414T,72,72,72,72,0
20240415T,74,74,74,74,0
20240416T,65,65,65,65,0
20240417T,67,67,67,67,0
20240418T,57,57,57,57,0
20240419T,66,66,66,66,0
20240420T,66,66,66,66,0
20240421T,72,72,72,72,0
20240422T,73,73,73,73,0
20240423T,71,71,71,71,0
20240424T,72,72,72,72,0
20240425T,72,72,72,72,0
20240426T,70,70,70,70,0
20240427T,67,67,67,67,0
20240428T,65,65,65,65,0
20240429T,67,67,67,67,0
20240430T,67,67,67,67,0
20240501T,54,54,54,54,0
20240502T,43,43,43,43,0
20240503T,48,48,48,48,0
20240504T,67,67,67,67,0
20240505T,69,69,69,69,0
20240506T,71,71,71,71,0
20240507T,68,68,68,68,0
20240508T,64,64,64,64,0
20240509T,55,55,55,55,0
20240510T,66,66,66,66,0
20240511T,53,53,53,53,0
20240512T,56,56,56,56,0
20240513T,57,57,57,57,0
20240514T,66,66,66,66,0
20240515T,64,64,64,64,0
20240516T,70,70,70,70,0
20240517T,74,74,74,74,0
20240518T,73,73,73,73,0
20240519T,72,72,72,72,0
20240520T,70,70,70,70,0
20240521T,76,76,76,76,0
20240522T,76,76,76,76,0
20240523T,76,76,76,76,0
20240524T,74,74,74,74,0
20240525T,76,76,76,76,0
20240526T,75,75,75,75,0
20240527T,74,74,74,74,0
20240528T,72,72,72,72,0
20240529T,72,72,72,72,0
20240530T,73,73,73,73,0
20240531T,73,73,73,73,0
20240601T,72,72,72,72,0
20240602T,73,73,73,73,0
20240603T,73,73,73,73,0
20240604T,73,73,73,73,0
20240605T,75,75,75,75,0
20240606T,78,78,78,78,0
20240607T,77,77,77,77,0
20240608T,72,72,72,72,0
20240609T,75,75,75,75,0
20240610T,72,72,72,72,0
20240611T,74,74,74,74,0
20240612T,72,72,72,72,0
20240613T,70,70,70,70,0
20240614T,74,74,74,74,0
20240615T,74,74,74,74,0
20240616T,71,71,71,71,0
20240617T,71,71,71,71,0
20240618T,74,74,74,74,0
20240619T,64,64,64,64,0
20240620T,60,60,60,60,0
20240621T,63,63,63,63,0
20240622T,53,53,53,53,0
20240623T,55,55,55,55,0
20240624T,51,51,51,51,0
20240625T,30,30,30,30,0
20240626T,46,46,46,46,0
20240627T,40,40,40,40,0
20240628T,47,47,47,47,0
20240629T,30,30,30,30,0
20240630T,47,47,47,47,0
20240701T,53,53,53,53,0
20240702T,51,51,51,51,0
20240703T,50,50,50,50,0
20240704T,44,44,44,44,0
20240705T,29,29,29,29,0
20240706T,26,26,26,26,0
20240707T,29,29,29,29,0
20240708T,28,28,28,28,0
20240709T,27,27,27,27,0
20240710T,28,28,28,28,0
20240711T,29,29,29,29,0
20240712T,25,25,25,25,0
20240713T,25,25,25,25,0
20240714T,33,33,33,33,0
20240715T,52,52,52,52,0
20240716T,65,65,65,65,0
20240717T,69,69,69,69,0
20240718T,61,61,61,61,0
20240719T,60,60,60,60,0
20240720T,74,74,74,74,0
20240721T,74,74,74,74,0
20240722T,70,70,70,70,0
20240723T,71,71,71,71,0
20240724T,69,69,69,69,0
20240725T,68,68,68,68,0
20240726T,68,68,68,68,0
20240727T,72,72,72,72,0
20240728T,71,71,71,71,0
20240729T,74,74,74,74,0
20240730T,67,67,67,67,0
20240731T,61,61,61,61,0
20240801T,52,52,52,52,0
20240802T,57,57,57,57,0
20240803T,37,37,37,37,0
20240804T,34,34,34,34,0
20240805T,26,26,26,26,0
20240806T,17,17,17,17,0
20240807T,29,29,29,29,0
20240808T,20,20,20,20,0
20240809T,48,48,48,48,0
20240810T,40,40,40,40,0
20240811T,39,39,39,39,0
20240812T,25,25,25,25,0
20240813T,31,31,31,31,0
20240814T,30,30,30,30,0
20240815T,29,29,29,29,0
20240816T,27,27,27,27,0
20240817T,25,25,25,25,0
20240818T,31,31,31,31,0
20240819T,28,28,28,28,0
20240820T,30,30,30,30,0
20240821T,26,26,26,26,0
20240822T,39,39,39,39,0
20240823T,34,34,34,34,0
20240824T,56,56,56,56,0
20240825T,54,54,54,54,0
20240826T,55,55,55,55,0
20240827T,48,48,48,48,0
20240828T,30,30,30,30,0
20240829T,29,29,29,29,0
20240830T,34,34,34,34,0
20240831T,29,29,29,29,0
20240901T,26,26,26,26,0
20240902T,26,26,26,26,0
20240903T,26,26,26,26,0
20240904T,27,27,27,27,0
20240905T,29,29,29,29,0
20240906T,22,22,22,22,0
20240907T,23,23,23,23,0
20240908T,29,29,29,29,0
20240909T,26,26,26,26,0
20240910T,33,33,33,33,0
20240911T,37,37,37,37,0
20240912T,31,31,31,31,0
20240913T,32,32,32,32,0
20240914T,50,50,50,50,0
20240915T,51,51,51,51,0
20240916T,39,39,39,39,0
20240917T,33,33,33,33,0
20240918T,45,45,45,45,0
20240919T,49,49,49,49,0
20240920T,54,54,54,54,0
20240921T,54,54,54,54,0
20240922T,52,52,52,52,0
20240923T,50,50,50,50,0
20240924T,54,54,54,54,0
20240925T,59,59,59,59,0
20240926T,50,50,50,50,0
20240927T,61,61,61,61,0
